{"cameraMode":{"drawMode":0,"name":"Shaded","section":"Shading Mode"},"sceneLighting":false,"audioPlay":false,"sceneViewState":{"showFog":true,"showMaterialUpdate":true,"showSkybox":true,"showFlares":true,"showImageEffects":true,"showParticleSystems":true},"in2DMode":false,"pivot":{"x":-3.032390594482422,"y":-2.8868653774261476,"z":-7.060976505279541},"rotation":{"x":-0.06043793261051178,"y":-0.8082960844039917,"z":0.08418279141187668,"w":-0.5797279477119446},"size":17.693445205688478,"orthographic":false}