{"cameraMode":{"drawMode":0,"name":"Shaded","section":"Shading Mode"},"sceneLighting":false,"audioPlay":false,"sceneViewState":{"showFog":true,"showMaterialUpdate":true,"showSkybox":true,"showFlares":true,"showImageEffects":true,"showParticleSystems":true},"in2DMode":false,"pivot":{"x":1.731087565422058,"y":5.430844783782959,"z":-2.256723403930664},"rotation":{"x":-0.009302690625190735,"y":-0.03807874396443367,"z":0.00033035012893378735,"w":-0.9992697238922119},"size":19.23989486694336,"orthographic":false}