{"cameraMode":{"drawMode":0,"name":"Shaded","section":"Shading Mode"},"sceneLighting":false,"audioPlay":false,"sceneViewState":{"showFog":true,"showMaterialUpdate":true,"showSkybox":true,"showFlares":true,"showImageEffects":true,"showParticleSystems":true},"in2DMode":false,"pivot":{"x":-3.9779276847839357,"y":-7.019364356994629,"z":-19.460351943969728},"rotation":{"x":0.0039053254295140507,"y":-0.9822341203689575,"z":0.18667297065258027,"w":0.020928390324115754},"size":38.484283447265628,"orthographic":false}