{"cameraMode":{"drawMode":0,"name":"Shaded","section":"Shading Mode"},"sceneLighting":false,"audioPlay":false,"sceneViewState":{"showFog":true,"showMaterialUpdate":true,"showSkybox":true,"showFlares":true,"showImageEffects":true,"showParticleSystems":true},"in2DMode":false,"pivot":{"x":2.631943702697754,"y":-0.5767461061477661,"z":-0.330963134765625},"rotation":{"x":0.025739967823028566,"y":0.07490526884794235,"z":-0.0018541348399594427,"w":0.9968993663787842},"size":38.484283447265628,"orthographic":false}