{"cameraMode":{"drawMode":0,"name":"Shaded","section":"Shading Mode"},"sceneLighting":false,"audioPlay":false,"sceneViewState":{"showFog":true,"showMaterialUpdate":true,"showSkybox":true,"showFlares":true,"showImageEffects":true,"showParticleSystems":true},"in2DMode":false,"pivot":{"x":1.0433681011199952,"y":0.04774075746536255,"z":1.4167451858520508},"rotation":{"x":0.02359669841825962,"y":-0.0877651646733284,"z":-0.0020788447000086309,"w":-0.9958646297454834},"size":9.116287231445313,"orthographic":false}