{"cameraMode":{"drawMode":0,"name":"Shaded","section":"Shading Mode"},"sceneLighting":false,"audioPlay":false,"sceneViewState":{"showFog":true,"showMaterialUpdate":true,"showSkybox":true,"showFlares":true,"showImageEffects":true,"showParticleSystems":true},"in2DMode":false,"pivot":{"x":1.319453477859497,"y":-4.4764909744262699,"z":1.3140652179718018},"rotation":{"x":0.2466704100370407,"y":0.02442258596420288,"z":-0.006186250597238541,"w":0.9688292145729065},"size":25.526281356811525,"orthographic":false}