{"cameraMode":{"drawMode":0,"name":"Shaded","section":"Shading Mode"},"sceneLighting":false,"audioPlay":false,"sceneViewState":{"showFog":true,"showMaterialUpdate":true,"showSkybox":true,"showFlares":true,"showImageEffects":true,"showParticleSystems":true},"in2DMode":false,"pivot":{"x":0.1477017104625702,"y":-0.8076572418212891,"z":4.3338623046875},"rotation":{"x":-0.03630156069993973,"y":-0.0005876647192053497,"z":0.000029192282454459928,"w":-0.9993680715560913},"size":14.204829216003418,"orthographic":false}