{"cameraMode":{"drawMode":0,"name":"Shaded","section":"Shading Mode"},"sceneLighting":false,"audioPlay":false,"sceneViewState":{"showFog":true,"showMaterialUpdate":true,"showSkybox":true,"showFlares":true,"showImageEffects":true,"showParticleSystems":true},"in2DMode":false,"pivot":{"x":-1.221367359161377,"y":-0.47679805755615237,"z":0.9736294746398926},"rotation":{"x":-0.08150363713502884,"y":-0.3081122636795044,"z":0.02650468423962593,"w":-0.9474868178367615},"size":8.92374038696289,"orthographic":false}