{"cameraMode":{"drawMode":0,"name":"Shaded","section":"Shading Mode"},"sceneLighting":false,"audioPlay":false,"sceneViewState":{"showFog":true,"showMaterialUpdate":true,"showSkybox":true,"showFlares":true,"showImageEffects":true,"showParticleSystems":true},"in2DMode":false,"pivot":{"x":-0.7512273788452148,"y":0.32646504044532778,"z":0.06957530975341797},"rotation":{"x":0.00268983724527061,"y":-0.014402292668819428,"z":-0.00003897724309354089,"w":-0.9998970031738281},"size":6.803123950958252,"orthographic":false}