{"cameraMode":{"drawMode":0,"name":"Shaded","section":"Shading Mode"},"sceneLighting":false,"audioPlay":false,"sceneViewState":{"showFog":true,"showMaterialUpdate":true,"showSkybox":true,"showFlares":true,"showImageEffects":true,"showParticleSystems":true},"in2DMode":false,"pivot":{"x":264.1538391113281,"y":601.6087646484375,"z":134.76531982421876},"rotation":{"x":-0.007092128973454237,"y":-0.1639443039894104,"z":-0.0011831674491986633,"w":0.9864555597305298},"size":2005.4547119140625,"orthographic":false}