{"cameraMode":{"drawMode":0,"name":"Shaded","section":"Shading Mode"},"sceneLighting":false,"audioPlay":false,"sceneViewState":{"showFog":true,"showMaterialUpdate":true,"showSkybox":true,"showFlares":true,"showImageEffects":true,"showParticleSystems":true},"in2DMode":false,"pivot":{"x":54.06795120239258,"y":-0.751461386680603,"z":4.202498912811279},"rotation":{"x":-0.0540696382522583,"y":-0.3914144039154053,"z":0.023046009242534639,"w":-0.9183406829833984},"size":10.525866508483887,"orthographic":false}