{"cameraMode":{"drawMode":0,"name":"Shaded","section":"Shading Mode"},"sceneLighting":false,"audioPlay":false,"sceneViewState":{"showFog":true,"showMaterialUpdate":true,"showSkybox":true,"showFlares":true,"showImageEffects":true,"showParticleSystems":true},"in2DMode":false,"pivot":{"x":-0.41856056451797488,"y":-0.09406399726867676,"z":1.8321290016174317},"rotation":{"x":-0.052683908492326739,"y":0.06197096034884453,"z":-0.0032754624262452127,"w":-0.9966865181922913},"size":6.799759387969971,"orthographic":false}