{"cameraMode":{"drawMode":0,"name":"Shaded","section":"Shading Mode"},"sceneLighting":false,"audioPlay":false,"sceneViewState":{"showFog":true,"showMaterialUpdate":true,"showSkybox":true,"showFlares":true,"showImageEffects":true,"showParticleSystems":true},"in2DMode":false,"pivot":{"x":0.27330684661865237,"y":-1.1817867755889893,"z":1.3381271362304688},"rotation":{"x":-0.0540696382522583,"y":-0.3914144039154053,"z":0.023046009242534639,"w":-0.9183406829833984},"size":22.0,"orthographic":false}